text,label
วันนี้ดีใจมาก เพื่อนซื้อเค้กวันเกิดให้,joy
ครูชมหน้าห้องเรียน รู้สึกภูมิใจสุดๆ,joy
สอบผ่านวิชาที่คิดว่าจะตก โล่งใจมาก,joy
แม่บอกว่าทำได้ดีแล้ว ไม่ต้องกังวล ดีใจมาก,joy
ทำโปรเจกต์เสร็จทันเวลา รู้สึกโคตรมีความสุข,joy
ได้ไปเที่ยวกับเพื่อนทั้งห้อง สนุกมากๆ,joy
ได้เกรด 4 ตัวแรกในชีวิต แทบจะร้องไห้ด้วยความดีใจ,joy
ครูเลือกเราเป็นตัวแทนแข่งระดับจังหวัด ตื่นเต้นและดีใจมาก,joy
เล่นดนตรีในงานโรงเรียนแล้วคนปรบมือให้เยอะมาก ดีใจสุดๆ,joy
เช้านี้อากาศดี เพลงก็เพราะ อารมณ์ดีทั้งวัน,joy
เพื่อนส่งข้อความมาบอกว่าขอบคุณที่ช่วยงานเมื่อวาน รู้สึกดีมาก,joy
ได้กินของอร่อยที่ชอบหลังสอบเสร็จ แฮปปี้สุดๆ,joy
คุณครูบอกว่าเราตั้งใจขึ้นมาก รู้สึกดีใจที่ความพยายามไม่เสียเปล่า,joy
เพื่อนในห้องช่วยกันเก็บห้องเรียน รู้สึกอบอุ่นและมีความสุข,joy
ได้เล่นกีฬาแล้วทีมเราชนะ ดีใจจนวิ่งกรี๊ด,joy
วันนี้ซ้อมดนตรีกับเพื่อนได้ลงตัวมาก มีความสุขกับการทำงานเป็นทีม,joy
ได้คุยกับเพื่อนสนิทที่ไม่ได้คุยกันนานๆ รู้สึกดีมาก,joy
คะแนนควิซดีกว่าที่คิดไว้ ดีใจที่อ่านหนังสือมาทัน,joy
คุณพ่อคุณแม่บอกว่าภูมิใจในตัวเรา รู้สึกมีความสุขมาก,joy
ตอนเดินกลับบ้าน มีหมาตัวเล็กๆ มานั่งรอ เห็นแล้วใจฟู,joy
วันนี้เครียดมาก รู้สึกว่าทำอะไรก็ผิดไปหมด,sad
สอบออกมาไม่ดีเลย กลัวว่าคะแนนจะตกเยอะ,sad
เพื่อนสนิทดูห่างๆ ไป รู้สึกเหงาแปลกๆ,sad
โดนครูดุหน้าห้อง ต่อหน้าทุกคน รู้สึกแย่มาก,sad
รู้สึกไม่มีใครเข้าใจในสิ่งที่เราคิดเลย,sad
ทำเต็มที่แล้วแต่ก็ยังไม่พอสำหรับคนอื่น รู้สึกท้อ,sad
วันนี้กลับบ้านคนเดียว ฝนก็ตก อารมณ์หม่นทั้งวัน,sad
พยายามอ่านหนังสือแล้ว แต่ก็ยังจำไม่ได้ รู้สึกแย่มาก,sad
เห็นเพื่อนๆ หัวเราะด้วยกัน แต่เราเหมือนคนนอก,sad
ทะเลาะกับที่บ้าน แล้วไม่มีใครอยากฟังเหตุผลเราเลย,sad
อยู่ในห้องเรียนแต่รู้สึกโดดเดี่ยวมากๆ,sad
โครงการที่ตั้งใจทำถูกยกเลิก รู้สึกเสียใจสุดๆ,sad
คิดถึงเพื่อนเก่ามาก แต่ไม่กล้าทักไป,sad
บางทีรู้สึกว่าตัวเองไม่มีความสามารถเท่าคนอื่น,sad
เหนื่อยทั้งกายทั้งใจ แต่ก็ต้องฝืนยิ้ม,sad
วันนี้น้ำตาซึมตอนนั่งฟังเพลงคนเดียว,sad
ไม่มีใครถามเลยว่าเราโอเคไหม รู้สึกใจหาย,sad
ผลสอบออกมาแย่กว่าที่คิด พยายามแล้วแต่มันยังไม่พอ,sad
ถูกเข้าใจผิดแต่ก็ไม่มีโอกาสได้อธิบาย,sad
มีเรื่องอยากระบายเยอะ แต่ไม่รู้จะเล่าให้ใครฟัง,sad
โกรธมาก ทำไมเขาถึงพูดแบบนั้นกับเราได้,anger
รู้สึกหงุดหงิดสุดๆ รถติดแล้วยังมีคนบีบแตรใส่,anger
บอกไปหลายรอบแล้วแต่ก็ยังไม่ฟังกันเลย,anger
โดนโยนความผิดมาที่เรา ทั้งที่ไม่ได้ทำ,anger
ทำงานกลุ่มแต่มีคนหนึ่งไม่ช่วยอะไรเลย โมโหมาก,anger
รู้สึกเดือดทุกครั้งที่โดนเปรียบเทียบกับคนอื่น,anger
พูดดีๆ แล้วแต่ก็ยังโดนต่อว่าอยู่ดี,anger
เกลียดเวลาที่คนพูดประชดประชัน ตัดอารมณ์มาก,anger
ทำไมบางคนชอบตัดสินคนอื่นจากภายนอก โกรธสุดๆ,anger
โกรธตัวเองที่เผลอพูดอะไรแรงๆ ออกไป,anger
เซ็งมาก นัดกันแล้วแต่ดันมาบอกยกเลิกนาทีสุดท้าย,anger
เพื่อนเอาเรื่องส่วนตัวเราไปเล่าให้คนอื่นฟัง โมโหมาก,anger
อ่านคอมเมนต์ในโซเชียลแล้วรู้สึกของขึ้น,anger
ทำไมต้องเล่นมุกล้อหน้าตาคนอื่นตลอด มันไม่ตลกเลย,anger
เวลาคนพูดว่าแค่ล้อเล่นแต่เราไม่ขำ รู้สึกหงุดหงิด,anger
โกรธที่เราไม่ได้รับโอกาส ทั้งที่ตั้งใจมาตลอด,anger
ทำงานเสร็จแล้วแต่มีคนมาบอกให้แก้ใหม่ทั้งหมด โมโหมาก,anger
บางครั้งอยากตะโกนออกมาดังๆ ว่าอย่ามายุ่งกับเรา,anger
รู้สึกเดือดทุกครั้งที่โดนมองข้ามความพยายาม,anger
ถูกหาว่าโกหก ทั้งที่เราพูดความจริง โกรธจนพูดไม่ออก,anger
เริ่มกลัวว่าตัวเองจะสอบไม่ติดที่ที่อยากเข้า,fear
กลัวพูดผิดตอนนำเสนอหน้าห้อง มือสั่นไปหมด,fear
พรุ่งนี้ต้องแข่งขัน ระแวงว่าจะทำพลาด,fear
กลัวทำให้คนในครอบครัวผิดหวัง,fear
ไม่กล้าบอกความจริงเพราะกลัวเสียเพื่อนไป,fear
ได้ยินเสียงคนทะเลาะกันดังๆ แล้วรู้สึกไม่ปลอดภัย,fear
ทุกครั้งที่มีโทรศัพท์จากโรงเรียน แอบกลัวว่าจะมีเรื่อง,fear
กลัวอนาคตว่าจะไปทางไหนดี ไม่มั่นใจในตัวเองเลย,fear
รู้สึกหวั่นๆ ว่าถ้าล้มเหลวครั้งนี้จะไม่มีโอกาสอีก,fear
ไม่กล้าแสดงความเห็น เพราะกลัวคนอื่นจะมองแปลกๆ,fear
กลัวว่าจะไม่มีเพื่อนจริงๆ ที่เข้าใจเราได้,fear
ได้ยินเรื่องข่าวร้ายบ่อยๆ แล้วเริ่มกังวลไปหมด,fear
กลัวว่าคนที่เรารักจะหายไปจากชีวิตเรา,fear
เวลาเข้าห้องสอบแล้วเห็นข้อสอบยาก รู้สึกหัวใจเต้นแรงด้วยความกลัว,fear
กลัวว่าจะทำให้โปรเจกต์ของกลุ่มพังเพราะตัวเราเอง,fear
รู้สึกไม่กล้าเริ่มต้นอะไรใหม่ๆ กลัวว่าจะล้มเหลวอีก,fear
เดินกลับบ้านคนเดียวตอนมืดๆ แล้วรู้สึกไม่ค่อยสบายใจ,fear
กลัวว่าจะไม่มีทางทำตามความฝันของตัวเองได้,fear
กลัวถูกตัดสินจากสิ่งที่เราเคยทำผิดพลาดในอดีต,fear
ไม่กล้าพูดความฝันของตัวเองออกไป เพราะกลัวคนหัวเราะใส่,fear
วันนี้ก็เหมือนทุกวัน ตื่นไปโรงเรียนตามปกติ,neutral
นั่งอ่านหนังสือเล่นในห้องสมุดเฉยๆ,neutral
เดินเล่นรอบสนามตอนพักเที่ยง ไม่ได้คิดอะไรเป็นพิเศษ,neutral
นั่งฟังเพลงไปเรื่อยๆ ปล่อยเวลาไหลไปช้าๆ,neutral
วันนี้อากาศปกติ ไม่ร้อนไม่หนาว,neutral
เข้าเรียนครบทุกคาบ ไม่มีอะไรพิเศษ,neutral
นั่งคุยกับเพื่อนเรื่องการบ้านทั่วไป,neutral
กลับบ้านมาก็ทำการบ้านตามปกติ,neutral
เลื่อนดูโซเชียลไปเรื่อยๆ แบบไม่ได้โฟกัสอะไร,neutral
ช่วยเก็บโต๊ะในห้องเรียนตามหน้าที่ของตัวเอง,neutral
กินข้าวเย็นกับที่บ้านแบบปกติ ไม่มีเรื่องอะไรพิเศษ,neutral
วันนี้ทั้งวันอยู่ในห้อง อ่านหนังสือบ้าง เล่นมือถือบ้าง,neutral
นั่งรอรถเมล์นานหน่อย แต่ก็ไม่ได้รู้สึกอะไรเป็นพิเศษ,neutral
วันนี้ครูสอนตามเนื้อหา ไม่มีเรื่องอะไรแปลกใหม่,neutral
ระหว่างพักก็ไปซื้อขนมหน้ารร. ตามปกติทุกวัน,neutral
คาบพละวันนี้ก็แค่วิ่งวอร์มตามปกติ,neutral
นั่งทำงานกลุ่ม เฉยๆ ไม่ได้มีเรื่องดราม่าอะไร,neutral
วันหยุดอยู่บ้านทั้งวัน ดูซีรีส์เล่นเกมเรื่อยๆ,neutral
อ่านหนังสือสอบนิดหน่อย ที่เหลือก็พักเฉยๆ,neutral
วันนี้เป็นวันธรรมดาอีกวันหนึ่ง ไม่มีอะไรน่าจดจำเป็นพิเศษ,neutral
